,name,constraint,owner
0,Background_fail_LOW_bin_1-1,flatParam,Background_fail
1,Background_fail_LOW_bin_2-1,flatParam,Background_fail
2,Background_fail_LOW_bin_3-1,flatParam,Background_fail
3,Background_fail_LOW_bin_4-1,flatParam,Background_fail
4,Background_fail_SIG_bin_1-1,flatParam,Background_fail
5,Background_fail_SIG_bin_2-1,flatParam,Background_fail
6,Background_fail_HIGH_bin_1-1,flatParam,Background_fail
7,Background_fail_HIGH_bin_2-1,flatParam,Background_fail
8,Background_fail_HIGH_bin_3-1,flatParam,Background_fail
9,Background_fail_HIGH_bin_4-1,flatParam,Background_fail
128,Background_fail_LOW_bin_1-1,flatParam,Background_expo2_pass
129,Background_fail_LOW_bin_2-1,flatParam,Background_expo2_pass
130,Background_fail_LOW_bin_3-1,flatParam,Background_expo2_pass
131,Background_fail_LOW_bin_4-1,flatParam,Background_expo2_pass
132,Background_fail_SIG_bin_1-1,flatParam,Background_expo2_pass
133,Background_fail_SIG_bin_2-1,flatParam,Background_expo2_pass
134,Background_fail_HIGH_bin_1-1,flatParam,Background_expo2_pass
135,Background_fail_HIGH_bin_2-1,flatParam,Background_expo2_pass
136,Background_fail_HIGH_bin_3-1,flatParam,Background_expo2_pass
137,Background_fail_HIGH_bin_4-1,flatParam,Background_expo2_pass
138,Background_rpf_expo2_par0,flatParam,Background_expo2_pass
139,Background_rpf_expo2_par1,flatParam,Background_expo2_pass
140,Background_rpf_expo2_par2,flatParam,Background_expo2_pass
